[
  {
    "from": "/blog/abdominal-etching-surgery-maintenance",
    "to": "/articles/abdominal-etching-surgery-maintenance",
    "status": 301
  },
  {
    "from": "/blog/abdominoplasty-vs-liposuction",
    "to": "/articles/abdominoplasty-vs-liposuction",
    "status": 301
  },
  {
    "from": "/blog/alcohol-smoking-resumption-timing",
    "to": "/articles/alcohol-smoking-resumption-timing",
    "status": 301
  },
  {
    "from": "/blog/anesthesia-fee-inclusion",
    "to": "/articles/anesthesia-fee-inclusion",
    "status": 301
  },
  {
    "from": "/blog/anesthesiologist-on-site-checklist",
    "to": "/articles/anesthesiologist-on-site-checklist",
    "status": 301
  },
  {
    "from": "/blog/anesthesiologist-on-site-verification-questions",
    "to": "/articles/anesthesiologist-on-site-verification-questions",
    "status": 301
  },
  {
    "from": "/blog/areola-nipple-correction-enlarge-reduce-inversion",
    "to": "/articles/areola-nipple-correction-enlarge-reduce-inversion",
    "status": 301
  },
  {
    "from": "/blog/areolar-axillary-abdominal-scar-care",
    "to": "/articles/areolar-axillary-abdominal-scar-care",
    "status": 301
  },
  {
    "from": "/blog/athlete-type-gynecomastia-traits",
    "to": "/articles/athlete-type-gynecomastia-traits",
    "status": 301
  },
  {
    "from": "/blog/augmentation-strategy-thin-patients",
    "to": "/articles/augmentation-strategy-thin-patients",
    "status": 301
  },
  {
    "from": "/blog/back-fat-lower-chest-line-contouring",
    "to": "/articles/back-fat-lower-chest-line-contouring",
    "status": 301
  },
  {
    "from": "/blog/beard-hair-removal-pore-scar-care",
    "to": "/articles/beard-hair-removal-pore-scar-care",
    "status": 301
  },
  {
    "from": "/blog/before-after-ads-ban-summary",
    "to": "/articles/before-after-ads-ban-summary",
    "status": 301
  },
  {
    "from": "/blog/bii-vs-capsular-contracture",
    "to": "/articles/bii-vs-capsular-contracture",
    "status": 301
  },
  {
    "from": "/blog/body-changes-after-explant",
    "to": "/articles/body-changes-after-explant",
    "status": 301
  },
  {
    "from": "/blog/breast-augmentation-options-thin-patients",
    "to": "/articles/breast-augmentation-options-thin-patients",
    "status": 301
  },
  {
    "from": "/blog/breast-implant-illness-symptoms",
    "to": "/articles/breast-implant-illness-symptoms",
    "status": 301
  },
  {
    "from": "/blog/breast-revision-scar-minimization",
    "to": "/articles/breast-revision-scar-minimization",
    "status": 301
  },
  {
    "from": "/blog/breast-surgery-recovery-in-40s",
    "to": "/articles/breast-surgery-recovery-in-40s",
    "status": 301
  },
  {
    "from": "/blog/breastfeeding-history-breast-surgery-qa",
    "to": "/articles/breastfeeding-history-breast-surgery-qa",
    "status": 301
  },
  {
    "from": "/blog/c-section-scar-revision-timing",
    "to": "/articles/c-section-scar-revision-timing",
    "status": 301
  },
  {
    "from": "/blog/capsular-contracture-self-check-stages",
    "to": "/articles/capsular-contracture-self-check-stages",
    "status": 301
  },
  {
    "from": "/blog/complication-response-process-at-clinic",
    "to": "/articles/complication-response-process-at-clinic",
    "status": 301
  },
  {
    "from": "/blog/compression-garment-duration-guide",
    "to": "/articles/compression-garment-duration-guide",
    "status": 301
  },
  {
    "from": "/blog/costs-handling-for-complications",
    "to": "/articles/costs-handling-for-complications",
    "status": 301
  },
  {
    "from": "/blog/deposit-refund-policy",
    "to": "/articles/deposit-refund-policy",
    "status": 301
  },
  {
    "from": "/blog/diastasis-repair-vs-abdominal-liposuction",
    "to": "/articles/diastasis-repair-vs-abdominal-liposuction",
    "status": 301
  },
  {
    "from": "/blog/discreet-recovery-tips-during-downtime",
    "to": "/articles/discreet-recovery-tips-during-downtime",
    "status": 301
  },
  {
    "from": "/blog/doctor-communication-checklist",
    "to": "/articles/doctor-communication-checklist",
    "status": 301
  },
  {
    "from": "/blog/double-eyelid-suture-loosening-revision-timing",
    "to": "/articles/double-eyelid-suture-loosening-revision-timing",
    "status": 301
  },
  {
    "from": "/blog/downtime-mental-care",
    "to": "/articles/downtime-mental-care",
    "status": 301
  },
  {
    "from": "/blog/driving-school-work-return",
    "to": "/articles/driving-school-work-return",
    "status": 301
  },
  {
    "from": "/blog/early-infection-signs-response",
    "to": "/articles/early-infection-signs-response",
    "status": 301
  },
  {
    "from": "/blog/early-vs-final-results-understanding",
    "to": "/articles/early-vs-final-results-understanding",
    "status": 301
  },
  {
    "from": "/blog/emergency-contact-protocol",
    "to": "/articles/emergency-contact-protocol",
    "status": 301
  },
  {
    "from": "/blog/emergency-response-system-checkpoints",
    "to": "/articles/emergency-response-system-checkpoints",
    "status": 301
  },
  {
    "from": "/blog/epicanthoplasty-scar-revision",
    "to": "/articles/epicanthoplasty-scar-revision",
    "status": 301
  },
  {
    "from": "/blog/exaggerated-and-discount-advertising-risks",
    "to": "/articles/exaggerated-and-discount-advertising-risks",
    "status": 301
  },
  {
    "from": "/blog/expectation-alignment-western-eastern-proportions",
    "to": "/articles/expectation-alignment-western-eastern-proportions",
    "status": 301
  },
  {
    "from": "/blog/explant-decision-criteria",
    "to": "/articles/explant-decision-criteria",
    "status": 301
  },
  {
    "from": "/blog/explant-with-mastopexy-same-session",
    "to": "/articles/explant-with-mastopexy-same-session",
    "status": 301
  },
  {
    "from": "/blog/facial-contouring-revision-asymmetry",
    "to": "/articles/facial-contouring-revision-asymmetry",
    "status": 301
  },
  {
    "from": "/blog/fat-graft-overfill-reversal",
    "to": "/articles/fat-graft-overfill-reversal",
    "status": 301
  },
  {
    "from": "/blog/fat-grafting-vs-implants",
    "to": "/articles/fat-grafting-vs-implants",
    "status": 301
  },
  {
    "from": "/blog/fat-necrosis-vs-calcification",
    "to": "/articles/fat-necrosis-vs-calcification",
    "status": 301
  },
  {
    "from": "/blog/filler-vascular-occlusion-first-aid-info",
    "to": "/articles/filler-vascular-occlusion-first-aid-info",
    "status": 301
  },
  {
    "from": "/blog/flight-return-timing",
    "to": "/articles/flight-return-timing",
    "status": 301
  },
  {
    "from": "/blog/gynecomastia-surgery-excision-vs-liposuction",
    "to": "/articles/gynecomastia-surgery-excision-vs-liposuction",
    "status": 301
  },
  {
    "from": "/blog/gynecomastia-surgery-technique-selection",
    "to": "/articles/gynecomastia-surgery-technique-selection",
    "status": 301
  },
  {
    "from": "/blog/hematoma-seroma-management",
    "to": "/articles/hematoma-seroma-management",
    "status": 301
  },
  {
    "from": "/blog/how-to-spot-fake-reviews",
    "to": "/articles/how-to-spot-fake-reviews",
    "status": 301
  },
  {
    "from": "/blog/hump-recurrence-prevention-guide",
    "to": "/articles/hump-recurrence-prevention-guide",
    "status": 301
  },
  {
    "from": "/blog/implant-exchange-cost-breakdown",
    "to": "/articles/implant-exchange-cost-breakdown",
    "status": 301
  },
  {
    "from": "/blog/implant-round-vs-anatomical",
    "to": "/articles/implant-round-vs-anatomical",
    "status": 301
  },
  {
    "from": "/blog/implant-rupture-self-vs-clinic-diagnosis",
    "to": "/articles/implant-rupture-self-vs-clinic-diagnosis",
    "status": 301
  },
  {
    "from": "/blog/implant-smooth-vs-textured",
    "to": "/articles/implant-smooth-vs-textured",
    "status": 301
  },
  {
    "from": "/blog/inpatient-and-recovery-room-fees",
    "to": "/articles/inpatient-and-recovery-room-fees",
    "status": 301
  },
  {
    "from": "/blog/insurance-coverage-eligibility",
    "to": "/articles/insurance-coverage-eligibility",
    "status": 301
  },
  {
    "from": "/blog/international-patients-vat-guide",
    "to": "/articles/international-patients-vat-guide",
    "status": 301
  },
  {
    "from": "/blog/keloid-prone-scar-care",
    "to": "/articles/keloid-prone-scar-care",
    "status": 301
  },
  {
    "from": "/blog/korea-plastic-surgery-visa-itinerary",
    "to": "/articles/korea-plastic-surgery-visa-itinerary",
    "status": 301
  },
  {
    "from": "/blog/laser-treatment-combination-timing",
    "to": "/articles/laser-treatment-combination-timing",
    "status": 301
  },
  {
    "from": "/blog/lipo-irregularities-correction",
    "to": "/articles/lipo-irregularities-correction",
    "status": 301
  },
  {
    "from": "/blog/lodging-and-companion-guide",
    "to": "/articles/lodging-and-companion-guide",
    "status": 301
  },
  {
    "from": "/blog/lower-eyelid-fat-repositioning-vs-filler",
    "to": "/articles/lower-eyelid-fat-repositioning-vs-filler",
    "status": 301
  },
  {
    "from": "/blog/male-abdominal-flank-liposuction",
    "to": "/articles/male-abdominal-flank-liposuction",
    "status": 301
  },
  {
    "from": "/blog/male-alar-base-reduction-scar-care",
    "to": "/articles/male-alar-base-reduction-scar-care",
    "status": 301
  },
  {
    "from": "/blog/male-blepharoplasty-natural-look",
    "to": "/articles/male-blepharoplasty-natural-look",
    "status": 301
  },
  {
    "from": "/blog/male-dark-circles-lower-eyelid-fat-repositioning",
    "to": "/articles/male-dark-circles-lower-eyelid-fat-repositioning",
    "status": 301
  },
  {
    "from": "/blog/male-forehead-reduction-hairline-design",
    "to": "/articles/male-forehead-reduction-hairline-design",
    "status": 301
  },
  {
    "from": "/blog/male-rhinoplasty-cases-hump-low-bridge",
    "to": "/articles/male-rhinoplasty-cases-hump-low-bridge",
    "status": 301
  },
  {
    "from": "/blog/mandibular-angle-overresection-correction",
    "to": "/articles/mandibular-angle-overresection-correction",
    "status": 301
  },
  {
    "from": "/blog/masseter-botox-vs-jaw-osteotomy",
    "to": "/articles/masseter-botox-vs-jaw-osteotomy",
    "status": 301
  },
  {
    "from": "/blog/mastopexy-alone-vs-augmentation-mastopexy",
    "to": "/articles/mastopexy-alone-vs-augmentation-mastopexy",
    "status": 301
  },
  {
    "from": "/blog/mastopexy-vs-augmentation",
    "to": "/articles/mastopexy-vs-augmentation",
    "status": 301
  },
  {
    "from": "/blog/medical-dispute-mediation-and-insurance-guide",
    "to": "/articles/medical-dispute-mediation-and-insurance-guide",
    "status": 301
  },
  {
    "from": "/blog/mini-facelift-vs-full-facelift",
    "to": "/articles/mini-facelift-vs-full-facelift",
    "status": 301
  },
  {
    "from": "/blog/mini-vs-full-abdominoplasty",
    "to": "/articles/mini-vs-full-abdominoplasty",
    "status": 301
  },
  {
    "from": "/blog/mommy-makeover-components-mastopexy-abdominoplasty-lipo",
    "to": "/articles/mommy-makeover-components-mastopexy-abdominoplasty-lipo",
    "status": 301
  },
  {
    "from": "/blog/nasal-contracture-inflammation-management",
    "to": "/articles/nasal-contracture-inflammation-management",
    "status": 301
  },
  {
    "from": "/blog/nasal-tip-droop-reinforcement",
    "to": "/articles/nasal-tip-droop-reinforcement",
    "status": 301
  },
  {
    "from": "/blog/nasal-tip-support-collapse-signs",
    "to": "/articles/nasal-tip-support-collapse-signs",
    "status": 301
  },
  {
    "from": "/blog/no-implant-mastopexy-eligibility",
    "to": "/articles/no-implant-mastopexy-eligibility",
    "status": 301
  },
  {
    "from": "/blog/or-cctv-discussion-points",
    "to": "/articles/or-cctv-discussion-points",
    "status": 301
  },
  {
    "from": "/blog/or-cctv-pros-cons",
    "to": "/articles/or-cctv-pros-cons",
    "status": 301
  },
  {
    "from": "/blog/or-emergency-equipment-and-cctv-checklist",
    "to": "/articles/or-emergency-equipment-and-cctv-checklist",
    "status": 301
  },
  {
    "from": "/blog/package-quote-sample-mastopexy-plus-lipo",
    "to": "/articles/package-quote-sample-mastopexy-plus-lipo",
    "status": 301
  },
  {
    "from": "/blog/payment-and-refund-policy",
    "to": "/articles/payment-and-refund-policy",
    "status": 301
  },
  {
    "from": "/blog/photo-consent-and-data-retention",
    "to": "/articles/photo-consent-and-data-retention",
    "status": 301
  },
  {
    "from": "/blog/postop-day-1-checklist",
    "to": "/articles/postop-day-1-checklist",
    "status": 301
  },
  {
    "from": "/blog/postop-day-14-checklist",
    "to": "/articles/postop-day-14-checklist",
    "status": 301
  },
  {
    "from": "/blog/postop-day-3-checklist",
    "to": "/articles/postop-day-3-checklist",
    "status": 301
  },
  {
    "from": "/blog/postop-day-30-checklist",
    "to": "/articles/postop-day-30-checklist",
    "status": 301
  },
  {
    "from": "/blog/postop-day-7-checklist",
    "to": "/articles/postop-day-7-checklist",
    "status": 301
  },
  {
    "from": "/blog/postpartum-procedure-timing-breastfeeding",
    "to": "/articles/postpartum-procedure-timing-breastfeeding",
    "status": 301
  },
  {
    "from": "/blog/preop-consult-ultrasound-ct-extra-fees",
    "to": "/articles/preop-consult-ultrasound-ct-extra-fees",
    "status": 301
  },
  {
    "from": "/blog/preop-fasting-and-medication-hold-guide",
    "to": "/articles/preop-fasting-and-medication-hold-guide",
    "status": 301
  },
  {
    "from": "/blog/preoperative-tests-checklist",
    "to": "/articles/preoperative-tests-checklist",
    "status": 301
  },
  {
    "from": "/blog/ptosis-revision",
    "to": "/articles/ptosis-revision",
    "status": 301
  },
  {
    "from": "/blog/recovery-room-monitoring-checklist",
    "to": "/articles/recovery-room-monitoring-checklist",
    "status": 301
  },
  {
    "from": "/blog/return-to-work-timeline",
    "to": "/articles/return-to-work-timeline",
    "status": 301
  },
  {
    "from": "/blog/revision-surgery-additional-cost-structure",
    "to": "/articles/revision-surgery-additional-cost-structure",
    "status": 301
  },
  {
    "from": "/blog/revision-surgery-clinic-selection-checklist",
    "to": "/articles/revision-surgery-clinic-selection-checklist",
    "status": 301
  },
  {
    "from": "/blog/rhinoplasty-conchal-vs-septal-vs-costal-cartilage",
    "to": "/articles/rhinoplasty-conchal-vs-septal-vs-costal-cartilage",
    "status": 301
  },
  {
    "from": "/blog/rhinoplasty-revision-need-checklist",
    "to": "/articles/rhinoplasty-revision-need-checklist",
    "status": 301
  },
  {
    "from": "/blog/scar-color-change-timeline",
    "to": "/articles/scar-color-change-timeline",
    "status": 301
  },
  {
    "from": "/blog/scar-placement-design",
    "to": "/articles/scar-placement-design",
    "status": 301
  },
  {
    "from": "/blog/schedule-change-fees",
    "to": "/articles/schedule-change-fees",
    "status": 301
  },
  {
    "from": "/blog/sedation-side-effects-risks",
    "to": "/articles/sedation-side-effects-risks",
    "status": 301
  },
  {
    "from": "/blog/sedation-vs-general-anesthesia",
    "to": "/articles/sedation-vs-general-anesthesia",
    "status": 301
  },
  {
    "from": "/blog/sedation-vs-general-anesthesia-3d0af",
    "to": "/articles/sedation-vs-general-anesthesia-3d0af",
    "status": 301
  },
  {
    "from": "/blog/septal-reconstruction-indications",
    "to": "/articles/septal-reconstruction-indications",
    "status": 301
  },
  {
    "from": "/blog/shapewear-compression-garment-duration",
    "to": "/articles/shapewear-compression-garment-duration",
    "status": 301
  },
  {
    "from": "/blog/shaving-and-gym-return-timing",
    "to": "/articles/shaving-and-gym-return-timing",
    "status": 301
  },
  {
    "from": "/blog/shirt-tie-scar-concealment-tips",
    "to": "/articles/shirt-tie-scar-concealment-tips",
    "status": 301
  },
  {
    "from": "/blog/shower-face-wash-hair-dye-timing",
    "to": "/articles/shower-face-wash-hair-dye-timing",
    "status": 301
  },
  {
    "from": "/blog/silicone-gel-sheet-usage",
    "to": "/articles/silicone-gel-sheet-usage",
    "status": 301
  },
  {
    "from": "/blog/silicone-removal-autologous-cartilage",
    "to": "/articles/silicone-removal-autologous-cartilage",
    "status": 301
  },
  {
    "from": "/blog/sizing-washing-guide",
    "to": "/articles/sizing-washing-guide",
    "status": 301
  },
  {
    "from": "/blog/stay-duration-schedules-3-7-14-days",
    "to": "/articles/stay-duration-schedules-3-7-14-days",
    "status": 301
  },
  {
    "from": "/blog/stretch-marks-and-abdominoplasty",
    "to": "/articles/stretch-marks-and-abdominoplasty",
    "status": 301
  },
  {
    "from": "/blog/summer-care-tips",
    "to": "/articles/summer-care-tips",
    "status": 301
  },
  {
    "from": "/blog/suture-removal-follow-up-teleconsult",
    "to": "/articles/suture-removal-follow-up-teleconsult",
    "status": 301
  },
  {
    "from": "/blog/sweat-skin-trouble-prevention",
    "to": "/articles/sweat-skin-trouble-prevention",
    "status": 301
  },
  {
    "from": "/blog/swelling-reduction-daily-routine",
    "to": "/articles/swelling-reduction-daily-routine",
    "status": 301
  },
  {
    "from": "/blog/swimming-sauna-timing",
    "to": "/articles/swimming-sauna-timing",
    "status": 301
  },
  {
    "from": "/blog/thigh-arm-lift-combined",
    "to": "/articles/thigh-arm-lift-combined",
    "status": 301
  },
  {
    "from": "/blog/thread-lift-exposed-or-palpable-thread",
    "to": "/articles/thread-lift-exposed-or-palpable-thread",
    "status": 301
  },
  {
    "from": "/blog/thread-lift-vs-facelift",
    "to": "/articles/thread-lift-vs-facelift",
    "status": 301
  },
  {
    "from": "/blog/translation-interpretation-consent-forms",
    "to": "/articles/translation-interpretation-consent-forms",
    "status": 301
  },
  {
    "from": "/blog/bohyeongmul-gyoce-vs-jegeo-gyeoljeong",
    "to": "/articles/bohyeongmul-gyoce-vs-jegeo-gyeoljeong",
    "status": 301
  },
  {
    "from": "/blog/bohyeongmul-payeol-jeungsanggwa-geomsa",
    "to": "/articles/bohyeongmul-payeol-jeungsanggwa-geomsa",
    "status": 301
  },
  {
    "from": "/blog/bohyeongmul-wici-gyojeong-geunyugwi-geunyugmit",
    "to": "/articles/bohyeongmul-wici-gyojeong-geunyugwi-geunyugmit",
    "status": 301
  },
  {
    "from": "/blog/deobeulbeobeul-gyojeong-bangbeob",
    "to": "/articles/deobeulbeobeul-gyojeong-bangbeob",
    "status": 301
  },
  {
    "from": "/blog/gaseum-jaesusul-weonin-sunwi",
    "to": "/articles/gaseum-jaesusul-weonin-sunwi",
    "status": 301
  },
  {
    "from": "/blog/guhyeonggucug-jaesusul-sigi",
    "to": "/articles/guhyeonggucug-jaesusul-sigi",
    "status": 301
  },
  {
    "from": "/blog/almond-plastic-surgery-botox-duration",
    "to": "/articles/almond-plastic-surgery-botox-duration",
    "status": 301
  },
  {
    "from": "/blog/almond-plastic-surgery-facial-contouring-surgery",
    "to": "/articles/almond-plastic-surgery-facial-contouring-surgery",
    "status": 301
  },
  {
    "from": "/blog/angelmi-clinic-lunchtime-lifting",
    "to": "/articles/angelmi-clinic-lunchtime-lifting",
    "status": 301
  },
  {
    "from": "/blog/angelmi-clinic-slow-aging-lifting",
    "to": "/articles/angelmi-clinic-slow-aging-lifting",
    "status": 301
  },
  {
    "from": "/blog/apgujeong-seoul-plastic-surgery-arm-botox",
    "to": "/articles/apgujeong-seoul-plastic-surgery-arm-botox",
    "status": 301
  },
  {
    "from": "/blog/apgujeong-seoul-plastic-surgery-hyperhidrosis-botox",
    "to": "/articles/apgujeong-seoul-plastic-surgery-hyperhidrosis-botox",
    "status": 301
  },
  {
    "from": "/blog/april31-plastic-surgery-facial-asymmetry-surgery",
    "to": "/articles/april31-plastic-surgery-facial-asymmetry-surgery",
    "status": 301
  },
  {
    "from": "/blog/april31-plastic-surgery-two-jaw-surgery-recovery",
    "to": "/articles/april31-plastic-surgery-two-jaw-surgery-recovery",
    "status": 301
  },
  {
    "from": "/blog/atop-plastic-surgery-facial-liposuction",
    "to": "/articles/atop-plastic-surgery-facial-liposuction",
    "status": 301
  },
  {
    "from": "/blog/atop-plastic-surgery-thigh360-liposuction",
    "to": "/articles/atop-plastic-surgery-thigh360-liposuction",
    "status": 301
  },
  {
    "from": "/blog/baba-plastic-surgery-hair-transplant",
    "to": "/articles/baba-plastic-surgery-hair-transplant",
    "status": 301
  },
  {
    "from": "/blog/baba-plastic-surgery-non-incision-hair-transplant",
    "to": "/articles/baba-plastic-surgery-non-incision-hair-transplant",
    "status": 301
  },
  {
    "from": "/blog/balance-lab-plastic-surgery-breast-size-decision",
    "to": "/articles/balance-lab-plastic-surgery-breast-size-decision",
    "status": 301
  },
  {
    "from": "/blog/balance-lab-plastic-surgery-breast-texture-natural",
    "to": "/articles/balance-lab-plastic-surgery-breast-texture-natural",
    "status": 301
  },
  {
    "from": "/blog/balance-lab-plastic-surgery-recovery-pain",
    "to": "/articles/balance-lab-plastic-surgery-recovery-pain",
    "status": 301
  },
  {
    "from": "/blog/balance-lab-plastic-surgery-scar-care",
    "to": "/articles/balance-lab-plastic-surgery-scar-care",
    "status": 301
  },
  {
    "from": "/blog/banana-plastic-surgery-capsular-contracture",
    "to": "/articles/banana-plastic-surgery-capsular-contracture",
    "status": 301
  },
  {
    "from": "/blog/banana-plastic-surgery-implant-replacement",
    "to": "/articles/banana-plastic-surgery-implant-replacement",
    "status": 301
  },
  {
    "from": "/blog/banobagi-plastic-surgery-arm-hair-removal",
    "to": "/articles/banobagi-plastic-surgery-arm-hair-removal",
    "status": 301
  },
  {
    "from": "/blog/banobagi-plastic-surgery-philtrum-hair-removal",
    "to": "/articles/banobagi-plastic-surgery-philtrum-hair-removal",
    "status": 301
  },
  {
    "from": "/blog/batang-plastic-surgery-discount-skin-treatment",
    "to": "/articles/batang-plastic-surgery-discount-skin-treatment",
    "status": 301
  },
  {
    "from": "/blog/batang-plastic-surgery-nose-filler",
    "to": "/articles/batang-plastic-surgery-nose-filler",
    "status": 301
  },
  {
    "from": "/blog/beautyline-plastic-surgery-nose-revision",
    "to": "/articles/beautyline-plastic-surgery-nose-revision",
    "status": 301
  },
  {
    "from": "/blog/beautyline-plastic-surgery-tip-rhinoplasty",
    "to": "/articles/beautyline-plastic-surgery-tip-rhinoplasty",
    "status": 301
  },
  {
    "from": "/blog/ceramic-dental-clinic-facial-hair-removal",
    "to": "/articles/ceramic-dental-clinic-facial-hair-removal",
    "status": 301
  },
  {
    "from": "/blog/ceramic-dental-clinic-fullbody-hair-removal",
    "to": "/articles/ceramic-dental-clinic-fullbody-hair-removal",
    "status": 301
  },
  {
    "from": "/blog/cheongayeon-clinic-hump-nose-correction",
    "to": "/articles/cheongayeon-clinic-hump-nose-correction",
    "status": 301
  },
  {
    "from": "/blog/cheongayeon-clinic-upturned-nose-correction",
    "to": "/articles/cheongayeon-clinic-upturned-nose-correction",
    "status": 301
  },
  {
    "from": "/blog/cheongdam-anz-dermatology-abdominal-liposuction",
    "to": "/articles/cheongdam-anz-dermatology-abdominal-liposuction",
    "status": 301
  },
  {
    "from": "/blog/cheongdam-anz-dermatology-thigh-liposuction",
    "to": "/articles/cheongdam-anz-dermatology-thigh-liposuction",
    "status": 301
  },
  {
    "from": "/blog/chiyu-plastic-surgery-breast-lift",
    "to": "/articles/chiyu-plastic-surgery-breast-lift",
    "status": 301
  },
  {
    "from": "/blog/chiyu-plastic-surgery-breast-reduction",
    "to": "/articles/chiyu-plastic-surgery-breast-reduction",
    "status": 301
  },
  {
    "from": "/blog/contourstandard-plastic-surgery-facial-injection-treatment",
    "to": "/articles/contourstandard-plastic-surgery-facial-injection-treatment",
    "status": 301
  },
  {
    "from": "/blog/contourstandard-plastic-surgery-kyung-rak-massage",
    "to": "/articles/contourstandard-plastic-surgery-kyung-rak-massage",
    "status": 301
  },
  {
    "from": "/blog/dabida-plastic-surgery-fixation-plate-removal",
    "to": "/articles/dabida-plastic-surgery-fixation-plate-removal",
    "status": 301
  },
  {
    "from": "/blog/dabida-plastic-surgery-two-jaw-surgery",
    "to": "/articles/dabida-plastic-surgery-two-jaw-surgery",
    "status": 301
  },
  {
    "from": "/blog/dday-plastic-surgery-facial-asymmetry-correction",
    "to": "/articles/dday-plastic-surgery-facial-asymmetry-correction",
    "status": 301
  },
  {
    "from": "/blog/dday-plastic-surgery-tmj-treatment",
    "to": "/articles/dday-plastic-surgery-tmj-treatment",
    "status": 301
  },
  {
    "from": "/blog/drama-plastic-surgery-nose-surgery-side-effects",
    "to": "/articles/drama-plastic-surgery-nose-surgery-side-effects",
    "status": 301
  },
  {
    "from": "/blog/drama-plastic-surgery-open-vs-closed-rhinoplasty",
    "to": "/articles/drama-plastic-surgery-open-vs-closed-rhinoplasty",
    "status": 301
  },
  {
    "from": "/blog/drfit-clinic-male-nose-surgery",
    "to": "/articles/drfit-clinic-male-nose-surgery",
    "status": 301
  },
  {
    "from": "/blog/drfit-clinic-nose-surgery-recovery",
    "to": "/articles/drfit-clinic-nose-surgery-recovery",
    "status": 301
  },
  {
    "from": "/blog/eight-plastic-surgery-chin-surgery",
    "to": "/articles/eight-plastic-surgery-chin-surgery",
    "status": 301
  },
  {
    "from": "/blog/eight-plastic-surgery-square-jaw-surgery",
    "to": "/articles/eight-plastic-surgery-square-jaw-surgery",
    "status": 301
  },
  {
    "from": "/blog/epic-plastic-surgery-dental-veneer",
    "to": "/articles/epic-plastic-surgery-dental-veneer",
    "status": 301
  },
  {
    "from": "/blog/epic-plastic-surgery-teeth-whitening",
    "to": "/articles/epic-plastic-surgery-teeth-whitening",
    "status": 301
  },
  {
    "from": "/blog/glam-plastic-surgery-herbal-diet",
    "to": "/articles/glam-plastic-surgery-herbal-diet",
    "status": 301
  },
  {
    "from": "/blog/globi-plastic-surgery-female-hair-transplant",
    "to": "/articles/globi-plastic-surgery-female-hair-transplant",
    "status": 301
  },
  {
    "from": "/blog/globi-plastic-surgery-male-hair-transplant",
    "to": "/articles/globi-plastic-surgery-male-hair-transplant",
    "status": 301
  },
  {
    "from": "/blog/gonggan-plastic-surgery-front-teeth-veneer",
    "to": "/articles/gonggan-plastic-surgery-front-teeth-veneer",
    "status": 301
  },
  {
    "from": "/blog/gonggan-plastic-surgery-zirconia-crown",
    "to": "/articles/gonggan-plastic-surgery-zirconia-crown",
    "status": 301
  },
  {
    "from": "/blog/hestia-clinic-fat-graft-breast-augmentation",
    "to": "/articles/hestia-clinic-fat-graft-breast-augmentation",
    "status": 301
  },
  {
    "from": "/blog/hestia-clinic-incision-site",
    "to": "/articles/hestia-clinic-incision-site",
    "status": 301
  },
  {
    "from": "/blog/hyundai-art-plastic-surgery-hair-removal-cycle",
    "to": "/articles/hyundai-art-plastic-surgery-hair-removal-cycle",
    "status": 301
  },
  {
    "from": "/blog/hyundai-art-plastic-surgery-hair-removal-pain",
    "to": "/articles/hyundai-art-plastic-surgery-hair-removal-pain",
    "status": 301
  },
  {
    "from": "/blog/icon-plastic-surgery-calf-botox",
    "to": "/articles/icon-plastic-surgery-calf-botox",
    "status": 301
  },
  {
    "from": "/blog/icon-plastic-surgery-trapezius-botox",
    "to": "/articles/icon-plastic-surgery-trapezius-botox",
    "status": 301
  },
  {
    "from": "/blog/ilumy-plastic-surgery-hair-removal-duration",
    "to": "/articles/ilumy-plastic-surgery-hair-removal-duration",
    "status": 301
  },
  {
    "from": "/blog/ilumy-plastic-surgery-hair-removal-side-effects",
    "to": "/articles/ilumy-plastic-surgery-hair-removal-side-effects",
    "status": 301
  },
  {
    "from": "/blog/inique-plastic-surgery-facial-fat-grafting",
    "to": "/articles/inique-plastic-surgery-facial-fat-grafting",
    "status": 301
  },
  {
    "from": "/blog/inique-plastic-surgery-fat-grafting",
    "to": "/articles/inique-plastic-surgery-fat-grafting",
    "status": 301
  },
  {
    "from": "/blog/jayeonjui-plastic-surgery-ceramic-braces",
    "to": "/articles/jayeonjui-plastic-surgery-ceramic-braces",
    "status": 301
  },
  {
    "from": "/blog/jayeonjui-plastic-surgery-lingual-braces",
    "to": "/articles/jayeonjui-plastic-surgery-lingual-braces",
    "status": 301
  },
  {
    "from": "/blog/jayjun-plastic-surgery-armpit-hair-removal",
    "to": "/articles/jayjun-plastic-surgery-armpit-hair-removal",
    "status": 301
  },
  {
    "from": "/blog/jayjun-plastic-surgery-leg-hair-removal",
    "to": "/articles/jayjun-plastic-surgery-leg-hair-removal",
    "status": 301
  },
  {
    "from": "/blog/jt-plastic-surgery-hair-removal-price",
    "to": "/articles/jt-plastic-surgery-hair-removal-price",
    "status": 301
  },
  {
    "from": "/blog/jt-plastic-surgery-male-hair-removal",
    "to": "/articles/jt-plastic-surgery-male-hair-removal",
    "status": 301
  },
  {
    "from": "/blog/k-plastic-surgery-hair-loss-improvement",
    "to": "/articles/k-plastic-surgery-hair-loss-improvement",
    "status": 301
  },
  {
    "from": "/blog/k-plastic-surgery-lifting-duration",
    "to": "/articles/k-plastic-surgery-lifting-duration",
    "status": 301
  },
  {
    "from": "/blog/k-plastic-surgery-lifting-machine-types",
    "to": "/articles/k-plastic-surgery-lifting-machine-types",
    "status": 301
  },
  {
    "from": "/blog/k-plastic-surgery-lifting-recovery-care",
    "to": "/articles/k-plastic-surgery-lifting-recovery-care",
    "status": 301
  },
  {
    "from": "/blog/kimhyungjin-basic-plastic-surgery-contouring-recovery",
    "to": "/articles/kimhyungjin-basic-plastic-surgery-contouring-recovery",
    "status": 301
  },
  {
    "from": "/blog/kimhyungjin-basic-plastic-surgery-contouring-side-effects",
    "to": "/articles/kimhyungjin-basic-plastic-surgery-contouring-side-effects",
    "status": 301
  },
  {
    "from": "/blog/labom-plastic-surgery-contouring-botox",
    "to": "/articles/labom-plastic-surgery-contouring-botox",
    "status": 301
  },
  {
    "from": "/blog/labom-plastic-surgery-wrinkle-botox",
    "to": "/articles/labom-plastic-surgery-wrinkle-botox",
    "status": 301
  },
  {
    "from": "/blog/littleprincess-plastic-surgery-breast-lift",
    "to": "/articles/littleprincess-plastic-surgery-breast-lift",
    "status": 301
  },
  {
    "from": "/blog/littleprincess-plastic-surgery-breast-reduction",
    "to": "/articles/littleprincess-plastic-surgery-breast-reduction",
    "status": 301
  },
  {
    "from": "/blog/lollipop-plastic-surgery-breast-augmentation",
    "to": "/articles/lollipop-plastic-surgery-breast-augmentation",
    "status": 301
  },
  {
    "from": "/blog/lollipop-plastic-surgery-breast-surgery-price",
    "to": "/articles/lollipop-plastic-surgery-breast-surgery-price",
    "status": 301
  },
  {
    "from": "/blog/luho-plastic-surgery-coolsculpting",
    "to": "/articles/luho-plastic-surgery-coolsculpting",
    "status": 301
  },
  {
    "from": "/blog/luho-plastic-surgery-lipolysis-injection",
    "to": "/articles/luho-plastic-surgery-lipolysis-injection",
    "status": 301
  },
  {
    "from": "/blog/mary-plastic-surgery-epicanthoplasty-scar-revision",
    "to": "/articles/mary-plastic-surgery-epicanthoplasty-scar-revision",
    "status": 301
  },
  {
    "from": "/blog/mary-plastic-surgery-under-eye-fat-reposition",
    "to": "/articles/mary-plastic-surgery-under-eye-fat-reposition",
    "status": 301
  },
  {
    "from": "/blog/miho-plastic-surgery-filler-skin-glow",
    "to": "/articles/miho-plastic-surgery-filler-skin-glow",
    "status": 301
  },
  {
    "from": "/blog/miho-plastic-surgery-pore-tightening",
    "to": "/articles/miho-plastic-surgery-pore-tightening",
    "status": 301
  },
  {
    "from": "/blog/must-plastic-surgery-laser-treatment",
    "to": "/articles/must-plastic-surgery-laser-treatment",
    "status": 301
  },
  {
    "from": "/blog/must-plastic-surgery-skin-lifting",
    "to": "/articles/must-plastic-surgery-skin-lifting",
    "status": 301
  },
  {
    "from": "/blog/mycel-clinic-incision-double-eyelid",
    "to": "/articles/mycel-clinic-incision-double-eyelid",
    "status": 301
  },
  {
    "from": "/blog/mycel-clinic-non-incision-double-eyelid",
    "to": "/articles/mycel-clinic-non-incision-double-eyelid",
    "status": 301
  },
  {
    "from": "/blog/ollim-eye-clinic-brazilian-hair-removal",
    "to": "/articles/ollim-eye-clinic-brazilian-hair-removal",
    "status": 301
  },
  {
    "from": "/blog/ollim-eye-clinic-laser-hair-removal",
    "to": "/articles/ollim-eye-clinic-laser-hair-removal",
    "status": 301
  },
  {
    "from": "/blog/omega-plastic-surgery-hifu-lifting",
    "to": "/articles/omega-plastic-surgery-hifu-lifting",
    "status": 301
  },
  {
    "from": "/blog/omega-plastic-surgery-ultherapy-vs-thermage",
    "to": "/articles/omega-plastic-surgery-ultherapy-vs-thermage",
    "status": 301
  },
  {
    "from": "/blog/onandwith-clinic-lower-blepharoplasty",
    "to": "/articles/onandwith-clinic-lower-blepharoplasty",
    "status": 301
  },
  {
    "from": "/blog/onandwith-clinic-upper-blepharoplasty",
    "to": "/articles/onandwith-clinic-upper-blepharoplasty",
    "status": 301
  },
  {
    "from": "/blog/onepercent-plastic-surgery-yoonkwak-acupuncture",
    "to": "/articles/onepercent-plastic-surgery-yoonkwak-acupuncture",
    "status": 301
  },
  {
    "from": "/blog/oneul-plastic-surgery-nose-surgery-price",
    "to": "/articles/oneul-plastic-surgery-nose-surgery-price",
    "status": 301
  },
  {
    "from": "/blog/oneul-plastic-surgery-wisdom-tooth-extraction",
    "to": "/articles/oneul-plastic-surgery-wisdom-tooth-extraction",
    "status": 301
  },
  {
    "from": "/blog/onyu-plastic-surgery-contouring-revision",
    "to": "/articles/onyu-plastic-surgery-contouring-revision",
    "status": 301
  },
  {
    "from": "/blog/onyu-plastic-surgery-vline-surgery",
    "to": "/articles/onyu-plastic-surgery-vline-surgery",
    "status": 301
  },
  {
    "from": "/blog/paengpaeng-clinic-recovery-herbal-treatment",
    "to": "/articles/paengpaeng-clinic-recovery-herbal-treatment",
    "status": 301
  },
  {
    "from": "/blog/paengpaeng-clinic-swelling-herbal-treatment",
    "to": "/articles/paengpaeng-clinic-swelling-herbal-treatment",
    "status": 301
  },
  {
    "from": "/blog/pladen-plastic-surgery-breast-fat-grafting",
    "to": "/articles/pladen-plastic-surgery-breast-fat-grafting",
    "status": 301
  },
  {
    "from": "/blog/pladen-plastic-surgery-buttock-fat-grafting",
    "to": "/articles/pladen-plastic-surgery-buttock-fat-grafting",
    "status": 301
  },
  {
    "from": "/blog/pop-plastic-surgery-botox-side-effects",
    "to": "/articles/pop-plastic-surgery-botox-side-effects",
    "status": 301
  },
  {
    "from": "/blog/pop-plastic-surgery-jaw-botox",
    "to": "/articles/pop-plastic-surgery-jaw-botox",
    "status": 301
  },
  {
    "from": "/blog/pr-plastic-surgery-herbal-bruising-medicine",
    "to": "/articles/pr-plastic-surgery-herbal-bruising-medicine",
    "status": 301
  },
  {
    "from": "/blog/pr-plastic-surgery-post-surgery-swelling",
    "to": "/articles/pr-plastic-surgery-post-surgery-swelling",
    "status": 301
  },
  {
    "from": "/blog/private-plastic-surgery-gum-contouring",
    "to": "/articles/private-plastic-surgery-gum-contouring",
    "status": 301
  },
  {
    "from": "/blog/private-plastic-surgery-invisalign",
    "to": "/articles/private-plastic-surgery-invisalign",
    "status": 301
  },
  {
    "from": "/blog/private-plastic-surgery-partial-front-teeth-correction",
    "to": "/articles/private-plastic-surgery-partial-front-teeth-correction",
    "status": 301
  },
  {
    "from": "/blog/private-plastic-surgery-retainer",
    "to": "/articles/private-plastic-surgery-retainer",
    "status": 301
  },
  {
    "from": "/blog/reart-plastic-surgery-double-eyelid-price",
    "to": "/articles/reart-plastic-surgery-double-eyelid-price",
    "status": 301
  },
  {
    "from": "/blog/reart-plastic-surgery-double-eyelid-recovery",
    "to": "/articles/reart-plastic-surgery-double-eyelid-recovery",
    "status": 301
  },
  {
    "from": "/blog/rizonwith-yonsei-slimline-clinic-incision-hair-transplant",
    "to": "/articles/rizonwith-yonsei-slimline-clinic-incision-hair-transplant",
    "status": 301
  },
  {
    "from": "/blog/rizonwith-yonsei-slimline-clinic-scar-hair-transplant",
    "to": "/articles/rizonwith-yonsei-slimline-clinic-scar-hair-transplant",
    "status": 301
  },
  {
    "from": "/blog/royal-line-clinic-autologous-cartilage-rhinoplasty",
    "to": "/articles/royal-line-clinic-autologous-cartilage-rhinoplasty",
    "status": 301
  },
  {
    "from": "/blog/royal-line-clinic-droopy-nose-correction",
    "to": "/articles/royal-line-clinic-droopy-nose-correction",
    "status": 301
  },
  {
    "from": "/blog/royal-line-clinic-rib-cartilage-rhinoplasty",
    "to": "/articles/royal-line-clinic-rib-cartilage-rhinoplasty",
    "status": 301
  },
  {
    "from": "/blog/royal-line-clinic-silicone-vs-goretex",
    "to": "/articles/royal-line-clinic-silicone-vs-goretex",
    "status": 301
  },
  {
    "from": "/blog/ruby-plastic-surgery-hair-removal-equipment",
    "to": "/articles/ruby-plastic-surgery-hair-removal-equipment",
    "status": 301
  },
  {
    "from": "/blog/ruby-plastic-surgery-liposuction",
    "to": "/articles/ruby-plastic-surgery-liposuction",
    "status": 301
  },
  {
    "from": "/blog/samsungdream-samsung-clinic-lower-epicanthoplasty",
    "to": "/articles/samsungdream-samsung-clinic-lower-epicanthoplasty",
    "status": 301
  },
  {
    "from": "/blog/samsungdream-samsung-clinic-ptosis-correction",
    "to": "/articles/samsungdream-samsung-clinic-ptosis-correction",
    "status": 301
  },
  {
    "from": "/blog/signature-plastic-surgery-acne-herbal-treatment",
    "to": "/articles/signature-plastic-surgery-acne-herbal-treatment",
    "status": 301
  },
  {
    "from": "/blog/signature-plastic-surgery-skin-trouble-herbal-care",
    "to": "/articles/signature-plastic-surgery-skin-trouble-herbal-care",
    "status": 301
  },
  {
    "from": "/blog/sinsael-plastic-surgery-gum-whitening",
    "to": "/articles/sinsael-plastic-surgery-gum-whitening",
    "status": 301
  },
  {
    "from": "/blog/sinsael-plastic-surgery-implant-aesthetics",
    "to": "/articles/sinsael-plastic-surgery-implant-aesthetics",
    "status": 301
  },
  {
    "from": "/blog/slimmi-oriental-clinic-abdomen360-liposuction",
    "to": "/articles/slimmi-oriental-clinic-abdomen360-liposuction",
    "status": 301
  },
  {
    "from": "/blog/slimmi-oriental-clinic-largevolume-liposuction",
    "to": "/articles/slimmi-oriental-clinic-largevolume-liposuction",
    "status": 301
  },
  {
    "from": "/blog/sway-plastic-surgery-botox-skin-improvement",
    "to": "/articles/sway-plastic-surgery-botox-skin-improvement",
    "status": 301
  },
  {
    "from": "/blog/sway-plastic-surgery-inmode-treatment",
    "to": "/articles/sway-plastic-surgery-inmode-treatment",
    "status": 301
  },
  {
    "from": "/blog/sway-plastic-surgery-skin-booster",
    "to": "/articles/sway-plastic-surgery-skin-booster",
    "status": 301
  },
  {
    "from": "/blog/sway-plastic-surgery-ultherapy-skin-care",
    "to": "/articles/sway-plastic-surgery-ultherapy-skin-care",
    "status": 301
  },
  {
    "from": "/blog/synergy-plastic-surgery-eyelid-correction",
    "to": "/articles/synergy-plastic-surgery-eyelid-correction",
    "status": 301
  },
  {
    "from": "/blog/synergy-plastic-surgery-natural-adhesion-double-eyelid",
    "to": "/articles/synergy-plastic-surgery-natural-adhesion-double-eyelid",
    "status": 301
  },
  {
    "from": "/blog/the-plastic-surgery-lifting-differentiation",
    "to": "/articles/the-plastic-surgery-lifting-differentiation",
    "status": 301
  },
  {
    "from": "/blog/the-plastic-surgery-lifting-side-effects",
    "to": "/articles/the-plastic-surgery-lifting-side-effects",
    "status": 301
  },
  {
    "from": "/blog/theregen-plastic-surgery-hair-transplant-price",
    "to": "/articles/theregen-plastic-surgery-hair-transplant-price",
    "status": 301
  },
  {
    "from": "/blog/theregen-plastic-surgery-hair-transplant-recovery",
    "to": "/articles/theregen-plastic-surgery-hair-transplant-recovery",
    "status": 301
  },
  {
    "from": "/blog/tobe-plastic-surgery-bruxism-treatment",
    "to": "/articles/tobe-plastic-surgery-bruxism-treatment",
    "status": 301
  },
  {
    "from": "/blog/tobe-plastic-surgery-square-jaw-pain",
    "to": "/articles/tobe-plastic-surgery-square-jaw-pain",
    "status": 301
  },
  {
    "from": "/blog/topface-plastic-surgery-balloon-lifting",
    "to": "/articles/topface-plastic-surgery-balloon-lifting",
    "status": 301
  },
  {
    "from": "/blog/topface-plastic-surgery-rf-lifting",
    "to": "/articles/topface-plastic-surgery-rf-lifting",
    "status": 301
  },
  {
    "from": "/blog/topface-plastic-surgery-sculplift-lifting",
    "to": "/articles/topface-plastic-surgery-sculplift-lifting",
    "status": 301
  },
  {
    "from": "/blog/topface-plastic-surgery-thread-lifting",
    "to": "/articles/topface-plastic-surgery-thread-lifting",
    "status": 301
  },
  {
    "from": "/blog/ts-plastic-surgery-breast-revision",
    "to": "/articles/ts-plastic-surgery-breast-revision",
    "status": 301
  },
  {
    "from": "/blog/ts-plastic-surgery-double-eyelid-surgery",
    "to": "/articles/ts-plastic-surgery-double-eyelid-surgery",
    "status": 301
  },
  {
    "from": "/blog/vibe-plastic-surgery-skin-care-event",
    "to": "/articles/vibe-plastic-surgery-skin-care-event",
    "status": 301
  },
  {
    "from": "/blog/vibe-plastic-surgery-skin-irritation",
    "to": "/articles/vibe-plastic-surgery-skin-irritation",
    "status": 301
  },
  {
    "from": "/blog/wannabe-plastic-surgery-inner-corner-epicanthoplasty",
    "to": "/articles/wannabe-plastic-surgery-inner-corner-epicanthoplasty",
    "status": 301
  },
  {
    "from": "/blog/wannabe-plastic-surgery-outer-corner-epicanthoplasty",
    "to": "/articles/wannabe-plastic-surgery-outer-corner-epicanthoplasty",
    "status": 301
  },
  {
    "from": "/blog/willbe-plastic-surgery-alar-reduction",
    "to": "/articles/willbe-plastic-surgery-alar-reduction",
    "status": 301
  },
  {
    "from": "/blog/willbe-plastic-surgery-bridge-rhinoplasty",
    "to": "/articles/willbe-plastic-surgery-bridge-rhinoplasty",
    "status": 301
  },
  {
    "from": "/blog/woowa-plastic-surgery-anti-aging-treatment",
    "to": "/articles/woowa-plastic-surgery-anti-aging-treatment",
    "status": 301
  },
  {
    "from": "/blog/woowa-plastic-surgery-scar-laser-treatment",
    "to": "/articles/woowa-plastic-surgery-scar-laser-treatment",
    "status": 301
  },
  {
    "from": "/blog/xo-plastic-surgery-dual-plane-surgery",
    "to": "/articles/xo-plastic-surgery-dual-plane-surgery",
    "status": 301
  },
  {
    "from": "/blog/xo-plastic-surgery-implant-types",
    "to": "/articles/xo-plastic-surgery-implant-types",
    "status": 301
  },
  {
    "from": "/blog/yonsei-goodday-suseo-dental-clinic-arm-liposuction",
    "to": "/articles/yonsei-goodday-suseo-dental-clinic-arm-liposuction",
    "status": 301
  },
  {
    "from": "/blog/yonsei-goodday-suseo-dental-clinic-doublechin-liposuction",
    "to": "/articles/yonsei-goodday-suseo-dental-clinic-doublechin-liposuction",
    "status": 301
  },
  {
    "from": "/blog/youandyou-plastic-surgery-two-jaw-surgery-cost",
    "to": "/articles/youandyou-plastic-surgery-two-jaw-surgery-cost",
    "status": 301
  },
  {
    "from": "/blog/youandyou-plastic-surgery-two-jaw-surgery-side-effects",
    "to": "/articles/youandyou-plastic-surgery-two-jaw-surgery-side-effects",
    "status": 301
  },
  {
    "from": "/blog/yourtime-plastic-surgery-skin-equipment",
    "to": "/articles/yourtime-plastic-surgery-skin-equipment",
    "status": 301
  },
  {
    "from": "/blog/yourtime-plastic-surgery-skin-tone-improvement",
    "to": "/articles/yourtime-plastic-surgery-skin-tone-improvement",
    "status": 301
  },
  {
    "from": "/blog/yui-plastic-surgery-resin-bonding",
    "to": "/articles/yui-plastic-surgery-resin-bonding",
    "status": 301
  },
  {
    "from": "/blog/yui-plastic-surgery-smile-line-design",
    "to": "/articles/yui-plastic-surgery-smile-line-design",
    "status": 301
  },
  {
    "from": "/blog/zesta-plastic-surgery-contouring-3set-price",
    "to": "/articles/zesta-plastic-surgery-contouring-3set-price",
    "status": 301
  },
  {
    "from": "/blog/zesta-plastic-surgery-zygoma-reduction",
    "to": "/articles/zesta-plastic-surgery-zygoma-reduction",
    "status": 301
  },
  {
    "from": "/blog/bogbuseonghyeong-tanryeogbogweon-gaideu-minibae-geosangsul-pul-bogbuseonghyeong-jibangheubib-hyungteo-hoebog-biyong-bigyo",
    "to": "/articles/bogbuseonghyeong-tanryeogbogweon-gaideu-minibae-geosangsul-pul-bogbuseonghyeong-jibangheubib-hyungteo-hoebog-biyong-bigyo",
    "status": 301
  },
  {
    "from": "/blog/culsan-hu-ceojin-gaseum-seonghyeong-gaideu-geosangsul-vs-bohyeongmul-vs-jibangisig-hyungteo-hoebog-biyong-bigyo-l12g0",
    "to": "/articles/culsan-hu-ceojin-gaseum-seonghyeong-gaideu-geosangsul-vs-bohyeongmul-vs-jibangisig-hyungteo-hoebog-biyong-bigyo-l12g0",
    "status": 301
  },
  {
    "from": "/blog/gaseum-bohyeongmul-jegeo-bii-daebi-gaideu-susul-jeolca-hyogwa-bujagyong-biyong-hoebog-congjeongri",
    "to": "/articles/gaseum-bohyeongmul-jegeo-bii-daebi-gaideu-susul-jeolca-hyogwa-bujagyong-biyong-hoebog-congjeongri",
    "status": 301
  },
  {
    "from": "/blog/gaseum-jaesusul-eonje-wae-pilyohalgga",
    "to": "/articles/gaseum-jaesusul-eonje-wae-pilyohalgga",
    "status": 301
  },
  {
    "from": "/blog/guhyeonggucug-yebangbeobgwa-ciryo-kaebsyul-gucug-jeungsang-yebang-susul-jaebalggaji-tumyeong-gaideu-5ewed",
    "to": "/articles/guhyeonggucug-yebangbeobgwa-ciryo-kaebsyul-gucug-jeungsang-yebang-susul-jaebalggaji-tumyeong-gaideu-5ewed",
    "status": 301
  },
  {
    "from": "/blog/sumyeonmacwi-vs-jeonsinmacwi-anjeonseong-macwijeonmunyi-sangju-moniteoring-jeoghab-gijun-wanjeon-bigyo",
    "to": "/articles/sumyeonmacwi-vs-jeonsinmacwi-anjeonseong-macwijeonmunyi-sangju-moniteoring-jeoghab-gijun-wanjeon-bigyo",
    "status": 301
  },
  {
    "from": "/blog/yeoyujeung-namseong-yubangcugsosul-gaideu-jibangheubib-vs-yuseonjeolje-hyungteo-hoebog-biyong-anjeon-bigyo-xvi2i",
    "to": "/articles/yeoyujeung-namseong-yubangcugsosul-gaideu-jibangheubib-vs-yuseonjeolje-hyungteo-hoebog-biyong-anjeon-bigyo-xvi2i",
    "status": 301
  },
  {
    "from": "/blog/airjet-lifting-guide",
    "to": "/articles/airjet-lifting-guide",
    "status": 301
  },
  {
    "from": "/blog/babitalk-2025-coupon-event",
    "to": "/articles/babitalk-2025-coupon-event",
    "status": 301
  },
  {
    "from": "/blog/botox-choice-guide",
    "to": "/articles/botox-choice-guide",
    "status": 301
  },
  {
    "from": "/blog/botulex-botox-guide",
    "to": "/articles/botulex-botox-guide",
    "status": 301
  },
  {
    "from": "/blog/botulinum-toxin-brand-guide",
    "to": "/articles/botulinum-toxin-brand-guide",
    "status": 301
  },
  {
    "from": "/blog/breast-augmentation-cost",
    "to": "/articles/breast-augmentation-cost",
    "status": 301
  },
  {
    "from": "/blog/breast-augmentation-cost-guide",
    "to": "/articles/breast-augmentation-cost-guide",
    "status": 301
  },
  {
    "from": "/blog/breast-augmentation-surgery",
    "to": "/articles/breast-augmentation-surgery",
    "status": 301
  },
  {
    "from": "/blog/breast-fatgraft-vs-implant",
    "to": "/articles/breast-fatgraft-vs-implant",
    "status": 301
  },
  {
    "from": "/blog/breast-implant-types",
    "to": "/articles/breast-implant-types",
    "status": 301
  },
  {
    "from": "/blog/breast-surgery-clinic-choice",
    "to": "/articles/breast-surgery-clinic-choice",
    "status": 301
  },
  {
    "from": "/blog/breast-surgery-concern",
    "to": "/articles/breast-surgery-concern",
    "status": 301
  },
  {
    "from": "/blog/breast-surgery-cost-guide",
    "to": "/articles/breast-surgery-cost-guide",
    "status": 301
  },
  {
    "from": "/blog/breast-surgery-recovery",
    "to": "/articles/breast-surgery-recovery",
    "status": 301
  },
  {
    "from": "/blog/choosing-surgeon-guide",
    "to": "/articles/choosing-surgeon-guide",
    "status": 301
  },
  {
    "from": "/blog/contour-3set-cost-guide",
    "to": "/articles/contour-3set-cost-guide",
    "status": 301
  },
  {
    "from": "/blog/dress-clinic-lip-filler-botox",
    "to": "/articles/dress-clinic-lip-filler-botox",
    "status": 301
  },
  {
    "from": "/blog/dual-plane-breast-augmentation",
    "to": "/articles/dual-plane-breast-augmentation",
    "status": 301
  },
  {
    "from": "/blog/dual-plane-breast-surgery",
    "to": "/articles/dual-plane-breast-surgery",
    "status": 301
  },
  {
    "from": "/blog/dual-plane-surgery-guide",
    "to": "/articles/dual-plane-surgery-guide",
    "status": 301
  },
  {
    "from": "/blog/ear-filler-price",
    "to": "/articles/ear-filler-price",
    "status": 301
  },
  {
    "from": "/blog/endoscopic-breast-augmentation",
    "to": "/articles/endoscopic-breast-augmentation",
    "status": 301
  },
  {
    "from": "/blog/eorin-clinic-lip-filler-botox",
    "to": "/articles/eorin-clinic-lip-filler-botox",
    "status": 301
  },
  {
    "from": "/blog/facelift-surgery-guide",
    "to": "/articles/facelift-surgery-guide",
    "status": 301
  },
  {
    "from": "/blog/female-surgery-anxiety-analysis",
    "to": "/articles/female-surgery-anxiety-analysis",
    "status": 301
  },
  {
    "from": "/blog/fit-breast-augmentation",
    "to": "/articles/fit-breast-augmentation",
    "status": 301
  },
  {
    "from": "/blog/gangnamunni-2025-coupon-event",
    "to": "/articles/gangnamunni-2025-coupon-event",
    "status": 301
  },
  {
    "from": "/blog/gangnamunni-2025-coupon-guide",
    "to": "/articles/gangnamunni-2025-coupon-guide",
    "status": 301
  },
  {
    "from": "/blog/gangnamunni-2025-event-guide",
    "to": "/articles/gangnamunni-2025-event-guide",
    "status": 301
  },
  {
    "from": "/blog/gangnamunni-babitalk-review-guide",
    "to": "/articles/gangnamunni-babitalk-review-guide",
    "status": 301
  },
  {
    "from": "/blog/gangnamunni-babitalk-true-review",
    "to": "/articles/gangnamunni-babitalk-true-review",
    "status": 301
  },
  {
    "from": "/blog/hifu-lifting-complete-guide",
    "to": "/articles/hifu-lifting-complete-guide",
    "status": 301
  },
  {
    "from": "/blog/hifu-lifting-effect-guide",
    "to": "/articles/hifu-lifting-effect-guide",
    "status": 301
  },
  {
    "from": "/blog/implant-vs-fat-transfer",
    "to": "/articles/implant-vs-fat-transfer",
    "status": 301
  },
  {
    "from": "/blog/inmode-lifting-guide",
    "to": "/articles/inmode-lifting-guide",
    "status": 301
  },
  {
    "from": "/blog/jiyu-clinic-lip-filler-botox",
    "to": "/articles/jiyu-clinic-lip-filler-botox",
    "status": 301
  },
  {
    "from": "/blog/just-clinic-thread-lifting",
    "to": "/articles/just-clinic-thread-lifting",
    "status": 301
  },
  {
    "from": "/blog/korea-lifting-market-strategy",
    "to": "/articles/korea-lifting-market-strategy",
    "status": 301
  },
  {
    "from": "/blog/laser-hifu-lifting-guide",
    "to": "/articles/laser-hifu-lifting-guide",
    "status": 301
  },
  {
    "from": "/blog/ldm-lifting-guide",
    "to": "/articles/ldm-lifting-guide",
    "status": 301
  },
  {
    "from": "/blog/lifting-choice-guide",
    "to": "/articles/lifting-choice-guide",
    "status": 301
  },
  {
    "from": "/blog/lifting-types-complete-guide",
    "to": "/articles/lifting-types-complete-guide",
    "status": 301
  },
  {
    "from": "/blog/lip-filler-price",
    "to": "/articles/lip-filler-price",
    "status": 301
  },
  {
    "from": "/blog/liposuction-cost-guide",
    "to": "/articles/liposuction-cost-guide",
    "status": 301
  },
  {
    "from": "/blog/miraeclinic-thread-lifting",
    "to": "/articles/miraeclinic-thread-lifting",
    "status": 301
  },
  {
    "from": "/blog/nana-clinic-guide",
    "to": "/articles/nana-clinic-guide",
    "status": 301
  },
  {
    "from": "/blog/natural-botox-meaning",
    "to": "/articles/natural-botox-meaning",
    "status": 301
  },
  {
    "from": "/blog/onda-lifting-guide",
    "to": "/articles/onda-lifting-guide",
    "status": 301
  },
  {
    "from": "/blog/one-day-allinone-surgery",
    "to": "/articles/one-day-allinone-surgery",
    "status": 301
  },
  {
    "from": "/blog/paengpaeng-clinic-thread-lifting",
    "to": "/articles/paengpaeng-clinic-thread-lifting",
    "status": 301
  },
  {
    "from": "/blog/paengpaeng-review-guide",
    "to": "/articles/paengpaeng-review-guide",
    "status": 301
  },
  {
    "from": "/blog/plastic-surgery-news-2025",
    "to": "/articles/plastic-surgery-news-2025",
    "status": 301
  },
  {
    "from": "/blog/potenza-lifting-guide",
    "to": "/articles/potenza-lifting-guide",
    "status": 301
  },
  {
    "from": "/blog/rhinoplasty-cost",
    "to": "/articles/rhinoplasty-cost",
    "status": 301
  },
  {
    "from": "/blog/shurink-lifting-guide",
    "to": "/articles/shurink-lifting-guide",
    "status": 301
  },
  {
    "from": "/blog/silhouette-soft-guide",
    "to": "/articles/silhouette-soft-guide",
    "status": 301
  },
  {
    "from": "/blog/slow-and-right-guide",
    "to": "/articles/slow-and-right-guide",
    "status": 301
  },
  {
    "from": "/blog/sofwave-lifting-guide",
    "to": "/articles/sofwave-lifting-guide",
    "status": 301
  },
  {
    "from": "/blog/square-jaw-botox-price-guide",
    "to": "/articles/square-jaw-botox-price-guide",
    "status": 301
  },
  {
    "from": "/blog/surgery-ad-vs-info",
    "to": "/articles/surgery-ad-vs-info",
    "status": 301
  },
  {
    "from": "/blog/tax-refund-cosmetic-surgery",
    "to": "/articles/tax-refund-cosmetic-surgery",
    "status": 301
  },
  {
    "from": "/blog/thread-lifting-guide",
    "to": "/articles/thread-lifting-guide",
    "status": 301
  },
  {
    "from": "/blog/titanium-lifting-guide",
    "to": "/articles/titanium-lifting-guide",
    "status": 301
  },
  {
    "from": "/blog/twojaw-surgery-cost-guide",
    "to": "/articles/twojaw-surgery-cost-guide",
    "status": 301
  },
  {
    "from": "/blog/uline-breast-augmentation",
    "to": "/articles/uline-breast-augmentation",
    "status": 301
  },
  {
    "from": "/blog/uline-injection-fat-dissolving",
    "to": "/articles/uline-injection-fat-dissolving",
    "status": 301
  },
  {
    "from": "/blog/ulthera-lifting-duration",
    "to": "/articles/ulthera-lifting-duration",
    "status": 301
  },
  {
    "from": "/blog/ulthera-price-guide",
    "to": "/articles/ulthera-price-guide",
    "status": 301
  },
  {
    "from": "/blog/ulthera-vs-thermage",
    "to": "/articles/ulthera-vs-thermage",
    "status": 301
  },
  {
    "from": "/blog/ulthera-vs-thermage-comparison",
    "to": "/articles/ulthera-vs-thermage-comparison",
    "status": 301
  },
  {
    "from": "/blog/upper-eyelid-surgery-trend-2025",
    "to": "/articles/upper-eyelid-surgery-trend-2025",
    "status": 301
  },
  {
    "from": "/blog/wonjin-breast-augmentation",
    "to": "/articles/wonjin-breast-augmentation",
    "status": 301
  }
]